{
  "0": {
    "episode": 0,
    "reward": 0,
    "time": 0.022295236587524414
  },
  "1": {
    "episode": 1,
    "reward": 0,
    "time": 0.017064571380615234
  },
  "2": {
    "episode": 2,
    "reward": 0,
    "time": 0.010983467102050781
  },
  "3": {
    "episode": 3,
    "reward": 0,
    "time": 0.013489246368408203
  },
  "4": {
    "episode": 4,
    "reward": 0,
    "time": 0.032187461853027344
  },
  "5": {
    "episode": 5,
    "reward": 0,
    "time": 0.09975981712341309
  },
  "6": {
    "episode": 6,
    "reward": 0,
    "time": 0.01148366928100586
  }
}